Wallet,First TX date,Total TXs,Total Data,Total NFTs,Total cost of TXs
q1bUHkN5wqpWKxvN2s-vWgDAPlKVaByQK4mqDBDAsfE,2021-3-26,2,31509503,2,0.018746243014999997
fcMxhaBLYpFEzS4eWqsazA27IVPh738Kh6d6VXSclcA,2021-4-25,15,1304943213,0,0.8328575359520001
h-Bgr13OWUOkRGWrnMT0LuUKfJhRss5pfTdxHmNcXyw,2020-11-7,28,98116415,16,0.060078623702999996
pQy9irwEZ-yX1_4D2D0PLqNMZLhe6NA-FCu5kiI565I,2021-4-22,3,3811551,3,0.002265196096
C-JrKDitt0w0ifGgyw2lYSBSs5atHSkK5nLFdiNHmXo,2020-11-25,1,600466,1,0.000357859132
fmTpIBFrCbAyUjV-f3VOq7Szs5RaMovb1Pf9MlUnjVk,2011-12-10,1,1605492,0,0.001049248152
OFD5dO06Wdurb4w5TTenzkw1PacATOP-6lAlfAuRZFk,2021-1-29,8,21669163,6,0.013077204278999999
-mseuK4Pi34C4g_GbnwUuiWmJ9tSU6qJW7eZpPt4oko,2021-3-3,3,288297,0,0.000179471223
x6B0nQQkqMjxb9SUITSopxTjCT0UuG6vViDFWUOellk,2020-1-26,9,449060365,4,0.28308820020299996
gyLhR4Mg8VlVSf3oLsjxvFumhc6vrN4T4OAc71yXQvs,2020-9-18,1,105246,0,0.000074054208
eamTbADrABJrjr_0dWOTqHU4tUYE7CSICltDZGcYc4o,2020-11-14,1,6415966,1,0.003928535712
NnjcuBwyXBaHBUSFBM7D1Ajwq46YYaBM_TdQJlXX_wM,2021-3-29,1,7151513,1,0.004464547152
VdXCJdKquMZuGK1W0Yi6zk-8HO-UC85vtMhWUOroY9g,2021-3-14,75,20660912,65,0.013226910950000005
-mr6L9ZvcZ0wy3xDUzoZKyUrC4hgEoYSsncf2vDdUBw,2021-3-22,2,1393355354,1,0.042943540848
2eKSbOQR2EiCJg36fOOUQxNR5KFmtgQp1gJG6AvqyeQ,2021-3-19,2,1129052135,1,0.002821603824
8bHHmA-RPhQ746dxdAOBW_MnfSeoyJTlXVwPt44mXRU,2021-3-27,2,6304,2,0.000007939776
_KO2KpSEhvFD_5Bexnggo8SHtDaWek5cOiphNxGcmEM,2021-3-28,1,10032,1,0.000008263008
Y3vucQ6Wq49J0p7GYw3wkYJ2qptFLNniBjiOCbl31po,2021-3-26,1,113905,1,0.00007307976
oTXGtmoxWc6LzjzUmIzQ81FovPvicU7xEAm_G-z9s3A,2017-8-9,1,28070,1,0.00001951872
z9RFWNTdHHOq55MmTes7TWApFGrOaHwI6CC68m8sgLY,2021-3-27,11,35867,11,0.000044414448000000004
C5OwFYXZT7C4xsXUKUexhi9jG6KbbXefia6-oPx3WCc,2021-3-28,2,157319,2,0.000102173136
54AxaPZQbrWmyLeDXU3MBTjAyLxYqrKvkOxcTE5KVrw,2021-3-22,1,1124536754,0,0.00000200304
Sf4NEClAF_K_MFzbWrRgd2F8VKJyijkr9CGkDBLvFFc,2021-3-27,11,42863,11,0.000048779952
Kp3DOzJFNeH9LZu3co0ob4HOLfd7g2OUqkh43IQSOUE,2019-3-30,51,14493471,51,0.009146080943999999
u0c2EeXrESD0q12sA_NZpG77nXV1wf-biJEKylYC5fM,2016-9-8,87,79036310,85,0.050017980669000005
H7OJEnLGvbFBLc2KOw8FiZu78BBhg3mQHn5Z7o7HODQ,2021-3-27,10,31484,10,0.000039676416
f-VTCm9hDuhRFez_4AwnuNyvzICTKFiRtRF86kKm_2o,2021-3-27,11,33320,11,0.00004282512
K2m9UGQSXgG_T4lbC9aWSAms96S0yy18gyn_is2QC8o,2021-3-27,10,30177,10,0.000038860848000000004
VWF48pqHxwBg7p-fLgvevkX7A9yCFx4B1aKLtVh0kgQ,2021-3-27,11,31988,10,0.000044378255999999995
VoPswkGq2d8HjPNRfUfDFIpBwEkgfpoJM-U2_sLZzK0,2021-3-27,10,30177,10,0.000038860848000000004
ONnKX4klgAtVdy9pW4d7-x42OklcYSnh4mWzTRhgeWU,2021-3-27,10,30177,10,0.000038860848
6LmGQD6kcoXnvENbF72EhkH-5Mkslo_4m5unKcTKKio,2021-3-27,10,30177,10,0.000038860848000000004
VABZBrBD9jzb8FpBJ0sVaLvbIlDH67oSVOz9W0rD7As,2021-3-27,10,104599,10,0.00008530017599999999
540yRKmCutJLebDlP5rya8pfcIWED-I_izd14SGUDa4,2021-3-27,10,125379,10,0.00009826689600000001
OWsCkDFtwavRasds4djV3cWDujZ6OrnrYefmjYuqoZM,2021-3-27,10,136535,10,0.00010522824
NA4XVRV-Y2JLhExdIZb_IHfRu2v00EqowAkGKhdRLWg,2021-3-27,11,172111,11,0.000129430704
zliuHGDPtlwineJt3blyGyvfdrRvoU6wvJdonvBPKyQ,2021-3-27,10,92241,10,0.00007758878400000001
AFbQvtSvCDTFPDSQdrwxQ7V0OyAiioZafAMmgYikc_o,2021-3-27,10,114406,10,0.00009141974400000001
gd6w2JQHzmkm-qlMa8k3dVAmirCt7qAX1a8cJUXsH14,2021-3-27,11,196951,11,0.00014493086399999997
ZT8pvuM769zgktygIvfb1ATt8mKjJtuuVWN3-Rfdp80,2021-3-27,10,152656,10,0.000115287744
5l5M6yzj7jRL4ote3xZP0Kdd8GS33cEv1vmV2SCUKMs,2021-3-27,10,37491,10,0.000043424784
Rp9GMyY3XlZOnWigkJsRrLH79JwSOVYJTOGl-MG3Tck,2021-3-27,14,249354,14,0.00018363945600000003
2iSwwa1AMD4oj4Uv5rIkfTCz7orL6C8aw-M74fjGLrw,2021-3-27,15,72522,15,0.000075299328
3dKTVTITR8vqrxToHnqd4bqtm3FlW7Peb65NZRGShNM,2021-3-27,10,189406,10,0.00013821974399999998
QzEl07HX6jGccKBsiy-qpX-2h3vDZBy_ir-CuhU787g,2021-3-27,10,80378,10,0.000070186272
aPCbcBx_2U9q7ZevOPh8bOjnKCzsGZRc2ukFXEC-sUg,2021-3-27,14,579923,13,0.00042261835199999993
_YOm_l_nCdm812HC6IGM-yLYdVi5D_TGRzO1tL_vi7k,2021-3-27,12,136182,12,0.000109014048
WJZdAIYEBIqP6FK7PB1Qyjk4xBTzATEzRR2a_olADes,2021-3-26,1,113905,1,0.00007307976
ZzIKm3ePLb_ZCufxL25Oxnh-N3T1gU1wMuPHq1MCohM,2021-3-26,1,554645,1,0.00034810152
eUZB6wb4wNUSIXuoP7vGIwFKdrAHi2hj7QTeg121d1E,2020-6-11,2,1159161882,1,0.000020092800000000002
yuhDu6Q9yy0sghObzy5BuJHHx3UESrg3t9qY8nBOztA,2020-6-11,2,1159161882,1,0.000020092800000000002
uIvVisBe289MK1VrZcR66OlyDB6Wc9pKFMH2jAflJIE,2020-6-11,2,1159150409,1,0.000012933648
L7JsaIR8xdy9HN0DWMTO4dQ44IbGNIXw5Lq0XlySMZo,2020-6-11,3,1159164716,2,0.000023864256
7p9aMGAFV_3HGSkMyGE0cx-ejxjwDPqULjsljYsCxUM,2020-6-11,2,1159161882,1,0.000020092800000000002
mQgukuHq2RNpwDy-Nk1m3uR6H8qJCBqeve6eTemQTvg,2020-6-11,2,1159161882,1,0.000020092800000000002
XuJXlSo2-uNPXG5Sr8M4bJMj5wZUtvAG0XezraQaUos,2020-6-11,2,1159150409,1,0.000012933648
RNpzWhPjxiX-HyD60W3yBxfmfM4BAdhGbtNH4pJZ_M8,2020-6-11,2,1159161882,1,0.000020092800000000002
mFaUiLiXmZsv9Yr51PvnGbudkugY8xfgTOXj7z0eM1k,2020-6-11,2,1159150409,1,0.000012933648
l0e1Hjp0P3Ypi0SpIXDHmkikzrhMeKXRHsg1lXSWiMM,2021-3-27,12,573456,12,0.000381873024
mKBIEh6tiP1U3nAbItOFj54uTvL7MOM_VW2Z1tOfPsI,2020-6-11,2,1159150409,1,0.000012933648
DQOzcoxpmG8bA0lZGowifypF1t37ml_1b6T1m4PMaOw,2020-6-11,3,1159176189,2,0.000031023408
8dAHS-NY4abqKi5vZYI_HM7gkl5nz9BPsq5dpm6mc7E,2020-6-11,3,1159176189,2,0.000031023408
8bScMlcP5mRmvb1x4KZ0TwOoHk_FjI_Fq1nsOmx21YA,2021-3-27,10,17233,10,0.000030783792
c7yXEMfyZQLJIja4J1yrrCS4AwLPTtBjlE2gyNZjPZ0,2019-3-30,183,13083994,183,0.008530968575999996
m3okBDWDaNJ4uxpwDWS38nW1p3NW2gs9OY0b993IzkI,2021-3-25,35,327479,35,0.000275431695
cIkHvfF4MGLOtzcjP372fW_u3eyeG_r-BK9qCpzLbBk,2020-6-11,2,1159150409,1,0.000012933648
K9q89jRE_W4wVMONqmS_IpdI8V1c11iCoqG1rjivQvw,2020-6-11,2,1159161882,1,0.000020092800000000002
EcoIfKTLPr8QGWwRt5J8YswSvTAVHgVC8SMUxFKmRCs,2020-6-11,2,1159161882,1,0.000020092800000000002
CX6tWonstEVE3C02PUVNnSMdW67Wd0KRgPfw-JN5uRo,2020-6-11,2,1159161882,1,0.000020092800000000002
iDTIbSXab8ek19lDKWkAqXTLqwaqY80CTpWu5kdbRxo,2020-6-11,2,1159150409,1,0.000012933648
dZN4uqbMTBvGZHmRuy6diFQaBdrnADFqPsIHYoS3w8Q,2020-6-11,2,1159150409,1,0.000012933648
SJhvmVuyHSsSwgaaJPc16Qmzumfw5952m8tPn4VnybQ,2020-6-11,2,1159161882,1,0.000020092800000000002
gZ-OtNiHxbMgPTWsGGwM-2_XUYYh7plY-7VtkUAyWiA,2021-3-9,3,1124557857,2,0.000019231209
dKSbZ75xFqBFp19ix755njwc1eZvHS2B1LHhY0Lvnxs,2021-2-9,68,18767110,68,0.011932628994
yorIck6hBmGyGikcJtnM9ZrKDGz1qMVXFQ81aXe_gTE,2020-6-11,2,1159150409,1,0.000012933648
LnNQjcqCazckGLuQR2fL9-TGmdyfA6n-e65uZ2nCEpo,2020-6-11,3,1159164716,1,0.000023956040000000002
jggbPy_tRIo8dh-HpJ5IhDgpPpCNLCzMluUuvwJxAAw,2021-3-22,3,1181776670,2,0.017506770645000003
EoxjjVNHK1zkzMxQosiIb5Jliwc44nJ-6hmAhLTeRs0,2020-6-11,3,1159164716,2,0.000023956040000000002
ldgYr0LOL9YyZfxu0TavViFSnxjNQc-QsswPuAFkreY,2020-6-11,3,1159187662,2,0.000038329415999999996
hERPDpwxs9lymClBrlOG0NXtl1pAitAzZ9IZDm4cc6g,2020-6-11,3,1159187662,1,0.000038329415999999996
H3vmraJaKuxzAiYKRtkSEkuAuhmYbRtKGi-0FPvw12o,2020-6-11,2,1159161882,1,0.00002017008
j8-M1Q9-fbhh-epz8r1og6YaWku4Oex5hwV5N1UE6vc,2020-6-11,2,1159161882,1,0.00002017008
A2DhruTwPm10P3suS0FzQL1eO8tjEtFEct7roCkU6SM,2020-6-11,2,1159150409,1,0.000012983392
oi9hWdqU40dcUR1MaMnlDCMFLNZpD1HsOu8eYfUaOTM,2020-6-11,2,1159150409,1,0.000012983392
zMVzJ7-yKrmXBVw52r45dZtv_fGTIVGWDuq9Pg0e9PQ,2020-6-11,2,1159161882,1,0.00002017008
csvsMLAJQ_ViKlRHxGBBKd9z4LwwwBTH8XTeOJnHhiw,2020-6-11,2,1159150409,1,0.000012983392
ubE6McUah_5eFsjUAyCYiRv62fkf1EZDr8kTWJ8U7X8,2021-3-26,1,315352,1,0.000199547236
26HLFIsSi41BPXYnowE0VDt86_eqWnnl6nM130DQ7f4,2021-3-26,1,525128,1,0.000330950923
bmB26DEPmNI84nPgd4icizuQQQc7jqFKeg7SnE-2-PU,2019-3-26,283,57530152,283,0.036911252431000026
WnIO32XaOYwnu_DMIfwvcDlTBJZXBfdsrYssEJDPBNI,2021-3-26,1,317179,1,0.000200691669
z_oLJVydsq27IgMzF8f19TTMk--TyJOU_iyExfrGhuc,2021-3-26,1,326690,1,0.00020664936
ljvCPN31XCLPkBo9FUeB7vAK0VC6-eY52-CS-6Iho8U,2021-3-20,1,5591,0,0.000008104363
-etIJcPMQOLvXvp1x8Fx1fMybcDQy7F5RK1QBBapPgg,2020-6-11,2,1159150409,1,0.000012983392
t0-T_WagzYc_PMUle868cR8uiHTdxCeelw2mO_0axn0,2021-3-21,1,505830,1,0.000318862656
0j7AV4wXnbZ2KfYkc84rTVu-LMt0YCwt4Pv2vmqQuUU,2020-6-11,3,1159176189,2,0.000031142728
aXuE-dpAk3si9bRd3AIsnO8-6WYYZKCT7GguvdfQMQs,2020-6-11,2,1159161882,1,0.00002017008
tBBScYE7NX7tO_fZ-vY_Qm97GgJbbRoOt7nPDyLeGi0,2020-6-11,2,1159150409,1,0.000012983392
YsGkhSG2Z8XqYm_s5SqFz8-IfoapTp-usHAv5vK9w6c,2020-6-11,2,1159161882,1,0.00002017008
1hF0uRdQQzSnVbvJtVIiFiNCL-Frc5XJEpdkutcgEVc,2020-6-11,2,1159161882,1,0.00002017008
9WS6dmiiLr6rN7jRPg3Fl7CrBg4jHHUAnfz_U68jaW8,2020-6-11,2,1159150409,1,0.000012983392
HDbjgIUBRSsPv_eMzBalc7HfFSdIT8KuCqDGV8mMSm0,2020-6-11,2,1159150409,1,0.000012983392
Et81ZLVdMJBA6RPz9q_nzbY4HaW5crMP4UwmNZfvJyM,2020-6-11,2,1159161882,1,0.00002017008
PUT0h1Qq5TsX0V0uFPKuyZJ9E4YdHWfhVCU2YbqNz2I,2021-3-21,1,893071,1,0.000561430418
NUuhXQ9dzsyrTLbJ0DsfAVws4lmg2f2HYXi4Gu64uzM,2020-6-11,2,1159161882,1,0.00002017008
UvsSXAKpSW1_DRXf03QzT0enKd1wEsAXqZ18CSe8xQo,2020-6-11,3,1159176189,2,0.000031142728
2RUnaoOYhFM9u0817FrPjMoChcyc9U-jGUR21bVJv5g,2020-6-11,3,1159164716,2,0.000023956040000000002
rppKd-bfZ4xrJsrX5p6wgwyu-ZUdxrj2GSKD7wXaDcg,2020-6-11,2,1159150409,1,0.000012983392
cR4Nladw6PirtrwdPU_RCYIW-fXy7l1VO_WM4N0Tqdg,2020-6-11,2,1159150409,1,0.000012983392
GlBMCIQ-0bXRTNN4copNBw-Vk0_RTrOdbXHtgGBiJlE,2021-3-21,1,1759188,1,0.001103966107
rII6ccAGjvrzLEBA3QQ96tyy_pc2HIFxWM4stw8z8CA,2020-6-11,3,1159164716,2,0.000023956040000000002
u18slp6yI_SGXr9SilnoE4XAa9BzXKPQ3t46loVuLjk,2020-6-11,3,1159164716,2,0.000023956040000000002
VecQdkiI06yjgOPj_ZqyxjaYqveN0PPTvuz60Sc8qZg,2020-6-11,3,1159164716,2,0.000023956040000000002
gBSC_H3w92GMBOkQkFw0mabSm5W9C9APOTUP5D-To8k,2020-6-11,2,1159150409,1,0.000012983392
RBNJEAWbxN6VjNTD09FynG4DIyxq-yQyJ6mnKHslHo8,2021-3-25,1,748478163,0,0.000002010744
963bBFN6Y6A0m7Q2-BDgXSnD9BqmBhhbBKanrO4hwE0,2020-6-11,2,1159150409,1,0.000012983392
suGdFnE6cGE3EZLp9FNz2b0NWWDYfZgCyXT6l3yFmpE,2021-2-9,2,1114418435,1,0.0004935750120000001
FLaD8_492tQE9mXFsI5kuY35UBdSA4u8L11aM-dlPCQ,2021-2-12,2,1114688648,1,0.0006628364350000001
uYx3RF8-V_rmKHkmX76EbOweORuKqlJoyd5MZDRi7Xw,2021-2-9,2,1114402652,1,0.00048368854
WLykoPFFyWz7H73IBfSMXwQVkl2JFnpZe4jwQxeCcGQ,2021-2-9,2,1114343281,1,0.000446498546
IYX_8szedua9Fg1urZUggsrLKGUZumS56JKTQ1pNZ5A,2021-2-9,2,1114343281,1,0.000446498546
PGF4rGp4QJvH1WFIVzbvEkuxExG0pavEDzrRGHvVkQ0,2021-3-16,2,1114477560,1,0.0005306109120000001
QlfFI0l8qqcNmlQlaELck1Sgjny57_HEAu6Vg-ZB84s,2021-2-9,2,1114563577,1,0.0005844919600000001
IALsjI4bOmw2KbYMz1To1nlRNCHA7XqWw933dp820yw,2021-2-9,2,1114226533,1,0.000373367599
EDA2qmAlY-kel1PNZk31AXzKH5nyly4cVAxjeMIQt3I,2020-12-1,3,2227426535,2,0.000101705436
cCRDOx9g60oRyNJOxXdUdtNGg6v3xO6XOAxb1aEH7qc,2021-2-11,2,1113725556,1,0.000059555606
BzO2TE33oZUGvcROkon3F3Ug8xRCqeTV7uNWp8BsyKM,2020-12-8,2,1113773535,1,0.000089609652
_uUW8byVQWoSlR5JQeIz_vVcp4KvMByhDOi9I4OOAuc,2021-3-17,2,1114090853,1,0.000288377647
yXi2NhXRJ_Mo0fQGXUJYyBtHTTz2bBXT-SjwpQWNYHg,2020-12-1,2,379025,2,0.000241442747
YAQOC1oF-M4q7kfK4mpW3EKV0NYP-c_0Rm7nLcvOXrQ,2021-1-20,2,1113802691,1,0.00010787297
Wn1eJGG692xvNEHYwIRjgZS53nBGiEE4LXexSWCLK3M,2021-1-24,3,1114125860,2,0.000312316775
vMnjCD71OIs-NEzu8RHE5WBnLpCbSmS7y11phVBfKFU,2020-12-1,2,1121494816,1,0.00492622007
LPbU0pPAc7Dr4WvSwDV9OiVf2avCCMePS-MQNeUMuwc,2021-2-15,2,1114531854,1,0.0005646206730000001
Q-dJ8-r3PyFxTUSw2PAmHI3qT3-xKl4Zy_6uQW2MolI,2021-3-9,2,1114978798,1,0.0008445863950000001
KaBRdSvIqPpardhK2ftRJXB9gYjTAy1UPzqla_pQXi0,2021-2-3,2,1114150964,1,0.000326031177
OF8og7P1ziUFZ5mI0J-eYQ4rYGYH4Vc3zqvwddfYNHw,2021-3-24,1,1113636900,0,0.000002010744
Ip1FdCx4ZomuMwdE8a-lXLTjMb8eBDfFWLoDcLbINL0,2020-12-1,2,1114784265,1,0.0007227309240000001
RT304gFp45Sj736lAfaZIDXPXU0ezdOBzgUQ5U2sdQs,2021-2-11,2,1114644260,1,0.0006350317920000001
T-OXHkBOm4nalfGzkJ7pqqO9qZXMEX1CUv8SmYQFSi4,2021-3-5,2,1113818392,1,0.000117708076
5mgrSBNCgkxHL8hiMbyFGqval-YvugdLn7cpDieVUeQ,2021-2-11,2,1113744363,1,0.000071336311
jz_l7A8nvuHrZc6qkAO6KBz8l1mC954d39mKtmcVKK8,2021-2-11,2,1113740509,1,0.00006892216499999999
C1Cq3UtlPd-bBDfwv14gHs6n1r3VOY_QZnMpXHLdFbc,2021-2-11,1,98807,1,0.000063903448
0UOwVZMh6v1GXD8uKXm8tliNBtCwRlbOctX_Mf6o7z0,2021-2-11,3,1113772166,2,0.00009076285299999999
1VwxYPLG2ggUnDP0aFtL-NMnZ9Kc7uFrH8MzfL48Bd0,2020-12-1,2,1119581265,1,0.003727571724
-s-a7FOUEY-TevbM2_sHUvUf15JNHL__lTszDfDzexE,2021-2-11,3,1113811951,2,0.00011568417700000001
LRZnB5-GMxnSLkxJHRhGHrBmqaoJdoz_cg1Rlp8KWmM,2020-8-3,3,1130111415,2,0.010325668427000001
iyAUJYIvrgUKyZ8WOka8C95TfumT0ah5X4_w4ZG0zpY,2020-6-11,4,1159179023,3,0.000034928688
NZN68kFYt9YPTB8E2tVUX1nvNUytBQdpgrfKkfSONU8,2020-6-11,4,1159167868,2,0.000027941196
JyFMBiIYEpl6OEOytsH9aSz9SLcauClnXpw56_hxyxE,2020-6-11,2,1159150409,1,0.000012983392
VYqtfnCXfiy-vFkIeECSlIkiiGdSCajZ_8AyLS-IIAI,2020-7-20,5,1159304394,3,0.00012022683000000001
7m_hUMRTOe2uWJqFFcf1qTZWS4SjsFRwUxg0p3AyIvA,2020-7-20,3,1159220248,1,0.000063496288
R1fzPiDAvHuUNh93E89rdL4sTsmdhN2O-nKyzYSoQzE,2020-7-20,5,1159304394,3,0.00012022683
Nczt43TWPGvJCryQ8mNXEJnpTc-jCabayM4bsp1im_k,2020-7-20,3,1159220248,2,0.000058741286
NJPAVO2zdwfaJWIzXgJrnxrsQi5rWyPRIjLYsiuj05c,2020-7-20,4,1159262321,1,0.000091860933
xC2lHGxVhFTekOlM5IobtgyjmfQI5g7hIm5yHnQyhTw,2021-3-18,45,18588252,34,0.011988548142
iVrcWoEtSf5jvI5Epvcjie6AjgINP-bOlWKPiLdGASQ,2021-3-22,2,1137072591,1,0.011403468554
OCQfp7mVo0j0OygBdv7S8kwwAbhQr6dsZAY7DkEKcAw,2020-11-8,3,1115910497,1,0.001448490316
tzt1rAkoCySH2vbtIf_0g6Hgs-gA2j0NQQKvEyJ74X0,2020-7-20,4,1159262321,2,0.000091860933
8QJJnpwNbpRg74BLJW5ft6PlJX-0kV_kxXwH7G00njY,2020-7-20,4,1445465844,1,0.00006563111900000001
Hz0Fr0xZjzeVpXg8RpelqlWpeYZmjiskP7x4FVy9hz0,2021-3-6,3,2446816,3,0.0015446132430000001
UPaaKI547tre-lAG6wHWSGUl7aAcY1csuwPf8qh4tdE,2021-3-18,2,1124560512,1,0.000018975926
YNXE49gTG2O1gCf_mK6mVnF_eYiupsxvRo5kQWr-0do,2021-3-5,3,1153863897,2,0.000022294732
beYR_NqN2BhTmWWPgWC4ycCgCVx_kwci0RV04-sWEO4,2021-3-9,2,1124541339,1,0.000006919944
I4S4FxuAKAfidT1BLVya_JEvGiIFgxKEy8My-c-giYo,2021-3-22,2,1325612379,1,0.000677093097
0cFGQBBSnX3x_gBTPY2wtv4pEqJnL-inGKKuXSMCU_Y,2021-3-16,3,4554855,3,0.0028701481660000005
vPKUc5ASvvPeZOwvPeZE8pfcHhBYiUsipeLWCAyVySM,2021-3-20,4,1159576520,3,0.001448689804
fGWdMlEwCo8PZzYk2J7rjnFXFjIdx5iXRUocm_AAf4A,2021-3-21,1,1829009,1,0.001152099307
xc2qUMUaQ4kr9tfIhPpG9px-gOAxEvlbnQGCd07_2Ok,2021-3-22,2,1124541011,1,0.000006713697
WSw9OrPQXuBzbG68sPLaN_rPre0TMvlLvoe6q8OGnx4,2021-2-22,11,627161,11,0.00041656176099999997
EjIKe9_4jN3bqjV1HEWUVDL84XDDPk0XAEE57FuySDs,2021-3-1,6,92412106,6,0.05812084293800001
9rDKbG-hY4E-kgU4rTxLDzGqDEFZs5nck1oVz7fulHc,2021-3-23,1,8411,1,0.000007307284
1K37-4G6vr0twD5mHDnDJ6dzsg7tOda5EDk_4Nsy3uI,2017-12-19,16,880052,16,0.000585671858
UPlwODrHSxq3RFoyb6O7CVzV_hKvdZShoXQJszeTFf0,2021-3-1,4,15819273,4,0.009955232651999999
1YKmN9srKhsRBcA-VuzWvLS5WsKY4rxr96Fwxcr5ocI,2021-3-23,2,286669,2,0.000184294363
t8i_MHAPl-mwDSthhyBAwGWGrI-_foX5SZV_h9f6Vrc,2015-12-19,33,1183727606,1,0.748915494412
eYX52kjrYDJmC4DmaSy5qvJrigfYxfvgOkRl9HdCy9E,2018-7-13,1,5141817,1,0.003235192977
eo3ed2rr9jqju7Lao8kf-onnpeWE_j8xcLmdxbFDgPo,2021-3-21,1,632469,1,0.000399714955
cqFb1rG_Zf3v_26ZDqkv_hTlr-iIMskOUDz1vIjqgio,2021-3-21,1,424188,1,0.000268747862
J_Sk2DwQV5TgfRoqmwSHjV86vrF6YF-d6Nea04B1y94,2021-3-22,1,183076,1,0.000117136636
NEB_b_FIlb1Y3h6cnTtIJfHEEvAorqN1ro4rAYwyzS4,2021-3-20,1,3580049,1,0.002253153259
F60gLylf39_gKrUdqGGFrB8SGHUoI6SZCojil64vjcM,2021-1-16,1,12116,1,0.000009636988
VAZ5LiwPhEjIL7HCpWgofqFwhGOWne1EW4JIsK2wnew,2021-2-19,3,160936,0,0.000116590208
J3vCwzjmVCuJKde03aI7XCRBsJ-rzSD16L1RelriAIg,2021-3-18,3,1153885125,2,0.000035964105
G2p6qraLOEiTzAtFQedhyDt7u9ffUUSUoZmZqlacpRw,2020-8-2,2,32025590,0,0.021043722624
DZOeoAuUXuU8JT7yV2RU-5FndHVOQFEyKdNBov7XZk4,2021-3-7,3,10702977,1,0.0067505792339999995
vU0rVMVJ_DkhzH9thSdZ6ruT1UMnUqPIKQhN100zndw,2020-10-14,1,101446,0,0.000073811059
j_eOHp5yoSnLsCDE9pp8UtW9PMy6KJphIAHll6RTmik,2021-3-3,3,61549,2,0.000047983726000000004
Bp0ZKhBaT2hVxGwe4btpCWfWk0oUrMgmhYbGgfXjsPY,2019-11-5,1,541597,0,0.000375472828
FgqixQSdScWmFY4O3dvm04e-DGM0Z8bWyyW-pDmbyGk,2020-9-11,2,11605905,2,0.007301829959
I1trB2wjtfggJsywry2GTesjG_83RWbUPZ3ytXyYprk,2018-7-21,2,2727905,1,0.001877633164
B9E6W3w3HWsGT-05i4L_skgqXooFDU6VmAvJT_XOvbM,2021-3-21,1,557633,1,0.000354004101
17_ONZaHUU7-xMIRG7I9E8TpsA-n5pwvjiQI20ldcaw,2021-3-21,1,266144,1,0.000170016244
_Z4NaIVgKZ45C2I1OwjJ2H1komH6VRXBM5BgWGeVhQo,2021-3-21,1,433767,1,0.000275819882
QVtKyv1jDcD2dqTQrNdYvjaFnsBRBd_kRz6Afm_JjZI,2020-7-12,1,1295988,0,0.000895594531
_DrdJK5PvQ5HMNSvXd9X00B4mmXKQGHMajHW4hOXcPI,2021-3-21,1,274459,1,0.000175264672
TEHjbg0NBCTOx49dbFOyL7v-ljT3LykMtsG4lGEfERs,2020-10-28,3,2145512180,0,0.000122403566
BF8-WpB8Ad4vu83CKiWeFY2Br8Si2mDOTlHaXA71Qx0,2020-9-11,1,990210,1,0.000627046704
AOBGdOQtOk3MjGG2VGsWMJzlZPr0f9CMeUDX5hIQC9k,2021-2-22,1,13375,1,0.000010468452
QYkc2eF_bL66_6lZDILH1tJiqqIadWuqasDN99N_KFY,2021-3-17,1,17650,1,0.000013166832
73JmD246_J2wNOU-JKm05KqFBwrT-sqUq2w1u8kbE9U,2021-3-18,3,8023619,2,0.005076277828
rQXT5hF4Gibe4ABm-Z-_xxADTWoD7yhlQoN6u-t0jUM,2021-3-21,2,548918,2,0.000350529344
B_1nG7oet6WaUF0JUW6s4cs9rAcWeXRG2aYucW7XoyY,2021-3-21,2,338650,2,0.000217808184
aPptIV4y-PbOx_KmMdVWGGbmD9zE2eND5Y1C4y76IjU,2021-3-14,2,1634674,2,0.001035858532
oXPkFpvvpI0EDdbBUVz1sOEf8LAcx7pZqTduB70jEvo,2020-9-10,21,72906153,9,0.046793742602999996
OvNZGr0rBqYpicHpEnMefh0RsqMLzHCxyc7_YL3aPwk,2021-3-19,1,612092,1,0.000389855347
3zUmZW3zfQAU1OfZ2xu6cqSqb5UO1tnuxc5E4flxUyw,2021-3-16,1,320315,1,0.00020498544
_MfW7OiCQxmPQiybWtqDjw32-YTubwYyF4f2xlZZu_w,2021-2-28,1,225,1,0.000002176416
31Rwh9cKkyOnqQWRdZFS8FHXh2P_PwRSe53LhbiwnNM,2021-2-28,1,38078,1,0.000026160076
Q8KAGGYdBydiFnI8Gvvc_BOKBu_LNlMbVuKkkbBmSRw,2021-3-18,1,62362,1,0.000041546419
24RmjjiCSeqvPzzJS34ZtyY5wa8CWTmxSaXdZikG924,2020-12-17,1,444,1,0.000002315174
lWIaB_Bp_yz5_V2XwXFUnAz16LGwWRG-GwaCrtpZV6c,2021-2-27,1,35011,1,0.000024216825
3tk99eSNusKGKiji9ndW158gtkj6RurInI5GElVcT2k,2021-3-7,1,47616,1,0.000032203353
vtzlrMZKYm1j6_PEkq7UXN2RKC1Wr4iButbwUwSXE9I,2021-3-18,1,36538,1,0.000025184332
pjJQOyD5tloVzBdCr-asJIkGpN9vcKwUvO0tq0CPZZo,2021-3-18,1,12913,1,0.000010215532
3wGvWxB6gfYocFEv0A6sXWkg9r1SW9jrH-iEB_DCbLA,2021-3-18,1,51737,1,0.000034814419
7Fh9ZuYxpFvmrkRRQK1Xbu9gXJsaX5S8BlPPWu-gSts,2021-3-18,1,197894,1,0.000127419494
1IRhDcZJV_LLYXD58GNNuCdHyZUJFo-YPU-DPC2M0L8,2021-3-19,1,4515381,1,0.002862979257
pmTUpJy3rv1XWcxKQAtd7LaIdgwAYNLUJW6aA0acfrA,2021-3-12,1,3152,1,0.000004030963
yoV-lnOLi3YKh7cQkLxbdEvti3relLQJT_nfGv3_t80,2021-3-19,1,567103,1,0.000361350316
MEUMwN75MW4w6oYCnggyxDlHiXoU7-n8yN6_gq2TvmI,2021-2-19,1,659400,0,0.000459437299
MZN_kcDMHpGKP7JjgJxUuFsxF5l3dd9jOP6HYHChWoI,2021-3-18,2,1153268,2,0.000734778316
mI_YC_soB5d0PdHxv8FaVEULwNsKOVKCtN8TUanONT4,2021-3-18,1,62362,1,0.000041703792
qCARQIXOunoKvSbENX9i-ISdtk94xuDoocQiPIf6rAQ,2021-3-18,1,23835,1,0.00001720062
rsTx8Va6ky133Ewa-mZsMlRzeGgj5C200iNSW6XPDAI,2021-3-18,2,60296,2,0.000042431376
jvlgWOVeQwHZIimnswNQUe_CwKnodspFyY5HWc2M1jY,2021-3-6,1,56917,1,0.000038240772
yYVzfbLRPbdZjv1pRQ6WoHpqChkhZFv1trLnoEqcuns,2021-3-17,2,690844,2,0.000443459904
aoaJNC8NcKVfgwaUj6kyJi2hKrVGUsRHCGf8RhKnsic,2014-9-1,2,21630,1,0.000021055416
RnM2eNUqwDrLSxDcX2UY68jUKZhYoAOY8ysSeH7f7Gg,2020-12-30,4,1368169167,3,0.0017517990360000001
obZ0Zc9sA6tEYvPTR2IVEGHAxaUitpX-vV2aq_z2fPA,2021-2-22,3,104942071,2,0.06725566766800001
0wR4OTF4p-dtQUB3yGYG5QoG_37m8XyiK05yfRQYwh8,2021-3-11,1,5991796,1,0.003855987859
